description,count_06-23,count_10-22,pct-change
ring video doorbell pro,3639.0,6304.0,-42.27
ring alarm security kit – base station,2293.0,4305.0,-46.74
ring alarm security kit – ring alarm motion detector,1917.0,3891.0,-50.73
ring alarm security kit – ring alarm smoke and co listener,1917.0,3860.0,-50.34
ring alarm security kit – ring alarm keypad,1917.0,3768.0,-49.12
wifi heat mapping engineering,929.0,3604.0,-74.22
ring alarm security kit – ring alarm window and door contact sensor,1133.0,2969.0,-61.84
ceramic tile flooring in bathroom,563.0,1478.0,-61.91
ceramic tile flooring,474.0,1556.0,-69.54
integrated sunnova solar energy system with real-time monitoring,472.0,1083.0,-56.42
ceramic tile flooring in kitchen and bathrooms,697.0,818.0,-14.79
ring alarm motion detector,594.0,806.0,-26.3
ring alarm base station,594.0,806.0,-26.3
ring alarm keypad,594.0,791.0,-24.91
ring pro video doorbell,556.0,785.0,-29.17
ring smoke and co listener,556.0,659.0,-15.63
three ring contact sensor,537.0,659.0,-18.51
structured wiring for multi-media use in great room owners bedroom and loft per plan,537.0,656.0,-18.14
tile flooring in full-sized bathrooms,327.0,749.0,-56.34
cat-5e high-speed telephone wiring,317.0,646.0,-50.93
shaw luxury vinyl plank flooring,221.0,639.0,-65.41
ring alarm security kit - ring alarm smoke and co listener,231.0,529.0,-56.33
ring alarm security kit - ring alarm motion detector,222.0,501.0,-55.69
ring alarm security kit - ring alarm keypad,205.0,508.0,-59.65
ring alarm security kit - ring alarm window and door contact sensor,131.0,439.0,-70.16
ring alarm smoke and co listener,250.0,286.0,-12.59
ring alarm security kit - base station,139.0,390.0,-64.36
ring alarm security kit,219.0,282.0,-22.34
tile flooring in kitchen and bathrooms,294.0,186.0,58.06
structured wiring package,141.0,339.0,-58.41
34 tongue and groove subflooring,283.0,191.0,48.17
ring alarm security kit ndash ring alarm door contact sensorsup1,373.0,99.0,276.77
vinyl flooring,249.0,187.0,33.16
structured wiring with two cat-5 telephone network outlets and two cable outlets,141.0,285.0,-50.53
structured wiring package with network cat-6 data lines and rg-6 outlets locations specified per plan,169.0,257.0,-34.24
emser tile flooring designer upgrades available,19.0,401.0,-95.26
structured wiring package with network cat-6 data lines and rg-6 outlets,141.0,259.0,-45.56
ceramic tile flooring in bath,13.0,378.0,-96.56
tile flooring designer upgrades available,364.0,0.0,inf
7 engineered vinyl plank flooring throughout main living areasper plan,97.0,266.0,-63.53
12x24 luxury vinyl tile flooring,0.0,361.0,-100.0
this home is fully equipped with a ring video doorbell pro,134.0,210.0,-36.19
lvp flooring,170.0,171.0,-0.58
shaw lvt flooring in laundry mudroom per plan,111.0,211.0,-47.39
tile flooring,300.0,15.0,1900.0
7 engineered vinyl plan flooring throughout main living areas,43.0,252.0,-82.94
ring alarm security kit – ring alarm contact sensors select locations,180.0,109.0,65.14
ring alarm security kit including base station keypad motion detector smoke and co listener and door contact sensor,283.0,0.0,inf
ceramic tile flooring runs throughout the living room kitchen and bathrooms,282.0,0.0,inf
structured wiring package includes rg-6 cable outlets,272.0,0.0,inf
ring alarm security kit – ring alarm door contact sensors,222.0,23.0,865.22
a ring video doorbell pro is included in the connectivity package,244.0,0.0,inf
structured wiring package with two combo cat-5 and rg-6 outlets,50.0,175.0,-71.43
structured wiring package with one combo cat-5 and rg-6 outlets,184.0,31.0,493.55
ring alarm security kit – ring alarm door contact sensor,12.0,200.0,-94.0
shaw floorte series 5 lvp flooring in foyer kitchen great room and dining per plan,0.0,211.0,-100.0
households will appreciate a full ring alarm security kit,209.0,0.0,inf
ceramic tile flooring in full-sized bathrooms,76.0,128.0,-40.62
structured wiring package included rg-6 cable outlets,11.0,191.0,-94.24
structured cat-6 wiring in select locations,80.0,117.0,-31.62
premier advantech osb subflooring,6.0,188.0,-96.81
ring alarm door contact sensor,0.0,191.0,-100.0
ring alarm security kit - ring alarm base station,66.0,118.0,-44.07
structured wiring package with rg-6 cable outlets,20.0,163.0,-87.73
ring alarm security kit including,181.0,0.0,inf
shaw luxury plank flooring,80.0,100.0,-20.0
this home is fully equipped with the ring video doorbell pro,30.0,148.0,-79.73
luxury vinyl plank for entire home for flooring,0.0,178.0,-100.0
tile flooring in kitchen living space and all bathrooms,0.0,177.0,-100.0
7 engineered shaw laminate flooring throughout main living areas,0.0,176.0,-100.0
resilient vinyl flooring in wet areas and entry,0.0,171.0,-100.0
luxury hard surface flooring in wet areas,74.0,94.0,-21.28
7 engineered vinyl plank flooring throughout main living areas,24.0,142.0,-83.1
12x24 luxury vinyl tile flooring in bathroom,0.0,164.0,-100.0
luxury vinyl plank flooring,64.0,96.0,-33.33
- ring alarm security kit – base station,159.0,0.0,inf
- ring alarm security kit – ring alarm motion detector,159.0,0.0,inf
- ring alarm security kit – ring alarm window and door contact sensor,159.0,0.0,inf
- ring alarm security kit – ring alarm smoke and co listener,159.0,0.0,inf
- ring alarm security kit – ring alarm keypad,155.0,0.0,inf
ring video doorbell pro keeps the home safe and secure,122.0,31.0,293.55
structured wiring package with one combo cat-5 and rg-6 outlet,108.0,33.0,227.27
5engineered wood flooring foyer kitchen breakfast nook powder room and dining room,1.0,139.0,-99.28
13x13 ceramic tile flooring in all baths and laundry,1.0,139.0,-99.28
structured wiring package includes network cat 5 data lines and rg-6 outlets,1.0,139.0,-99.28
engineered hardwood flooring in kitchen dining room and foyer,0.0,139.0,-100.0
tile flooring in full-sized bathrooms on 2nd floor per plan,0.0,137.0,-100.0
quality stainless steel appliance package featuring 30 smooth surface electric range with self-cleaning oven over-the-range built-in microwave with recirculating vent multi-cycle dishwasher,135.0,0.0,inf
cat6 wiring in kitchen family room and master bedroom home run to central distribution panel,135.0,0.0,inf
tile flooring at entry and wet areas,86.0,45.0,91.11
hard surface flooring throughout living and kitchen area,32.0,94.0,-65.96
ring video pro doorbell,0.0,126.0,-100.0
ceramic tile flooring in wet areas and entry,44.0,77.0,-42.86
shaw vinyl flooring,17.0,103.0,-83.5
ring alarm smoke  co listener,0.0,118.0,-100.0
structured wiring package with combo cat-5 and rg-6 outlet,0.0,111.0,-100.0
integrated solar energy system with real-time monitoring provided through participation in the buyer-friendly leaseplus new home solar plan by sunnova,108.0,0.0,inf
ring alarm door contact sensors,0.0,103.0,-100.0
structured wiring package with combo cat-5 and rg-6 outlets,6.0,85.0,-92.94
luxury shaw vinyl plank flooring in the main living spaces,39.0,52.0,-25.0
designer-selected vinyl flooring in full-sized bathrooms,0.0,90.0,-100.0
designer-selected vinyl flooring,0.0,90.0,-100.0
porcelain tile flooring throughout main living areas bathrooms and laundry,0.0,89.0,-100.0
integrated solar energy systems with real-time monitoring provided through participation in the buyer-friendly new home solar plan by sunnova,51.0,37.0,37.84
durable and attractive hard surface flooring per floor zone and floorplan,5.0,82.0,-93.9
laminate flooring in bathroom,32.0,54.0,-40.74
7 luxury vinyl plank lvp flooring throughout main living areas,20.0,66.0,-69.7
large format porcelain tile flooring in bathrooms and laundry,20.0,66.0,-69.7
17x17 ceramic tile flooring in entry kitchen dining per plan bathrooms and laundry room,11.0,72.0,-84.72
stainless steel dishwasher lends a modern edge during clean-up time,82.0,0.0,inf
engineered vinyl plank flooring,71.0,11.0,545.45
tile flooring owners bathroom and secondary bathrooms,0.0,82.0,-100.0
connected ring security kit,0.0,82.0,-100.0
emser tile ceramic tile flooring at entry,13.0,68.0,-80.88
ring motion sensor,0.0,81.0,-100.0
all homesites tested for structural bearing capacity,0.0,81.0,-100.0
tile flooring in bathroom,26.0,53.0,-50.94
shaw laminate flooring in foyer,8.0,68.0,-88.24
7 engineered vinyl plank flooring throughout main living areas per plan,17.0,57.0,-70.18
ceramic tile flooring in kitchen and bathrooms and family room-all main living area,15.0,57.0,-73.68
engineered vinyl-plank flooring throughout the main living areas,33.0,37.0,-10.81
engineered hardwood flooring,0.0,69.0,-100.0
shaw luxury vinyl plank flooring in the foyer kitchen powder room bathrooms and laundry room,69.0,0.0,inf
ceramic tile flooring in entryway kitchen bathrooms and laundry room,24.0,43.0,-44.19
12x24 or 6x24 emser tile bathroom flooring and shower wall tile,0.0,67.0,-100.0
hard surface flooring throughout next gen space,1.0,65.0,-98.46
structured wiring package with network cat-5 data lines and rg-6 outlets,6.0,60.0,-90.0
ring alarm contact sensors select locations,38.0,27.0,40.74
ring alarm security kit - alarm contact sensors,0.0,62.0,-100.0
ring alarm security kit - alarm keypad,0.0,62.0,-100.0
ring alarm security kit - neighbors by ring a neighborhood network,0.0,62.0,-100.0
ring alarm security kit - alarm motion detector,0.0,62.0,-100.0
ring garage opener myq,0.0,59.0,-100.0
3 ring door contact sensors,0.0,59.0,-100.0
emser tile flooring designer upgrades available at owners suite bath,4.0,54.0,-92.59
luxury vinyl plank flooring in the main living areas,35.0,22.0,59.09
ceramic tile flooring is featured in the bathroom,32.0,24.0,33.33
wifi heat mapping engineering no wifi dead spots,34.0,22.0,54.55
1-2-10 year homeowners warranty featuring 1 year overall limited coverage 2 year systems protection and a 10 year limited structural warranty,0.0,55.0,-100.0
enhanced vinyl plank flooring runs throughout the home complemented by a wood tread staircase with iron balusters,44.0,11.0,300.0
cabinetry featuring european soft-close full-extension guidesand concealed hinges,0.0,54.0,-100.0
wood grain laminate flooring in foyer kitchen and dining room,0.0,54.0,-100.0
12x24 luxury vinyl tile flooring in bathroom and laundry room,0.0,54.0,-100.0
r30 insulation in ceilings to keep our air-conditioned spaces consistently comfortable while lowering energy costs,0.0,53.0,-100.0
this home is fully equipped with a ring video doorbell,53.0,0.0,inf
ring video doorbell pro and alarm security kit,6.0,46.0,-86.96
plank tile flooring in bathroom,16.0,36.0,-55.56
large-format ceramic tile flooring,1.0,51.0,-98.04
this home is fully equipped with a ring video doorbell pr,19.0,32.0,-40.62
upgraded luxury hard surface flooring in wet areas and family room,0.0,50.0,-100.0
pre-wiring for ceiling fans in all bedrooms great room and loft per plan,2.0,48.0,-95.83
this home is equipped with a ring video doorbell pro,15.0,35.0,-57.14
ceramic tile flooring in entry kitchen dining per plan bathrooms and laundry room,6.0,42.0,-85.71
emser tile 13 x 13 ceramic flooring and shower surround,4.0,43.0,-90.7
this home is fully equipped with a ring pro video doorbell,0.0,47.0,-100.0
ring alarm security kit – with contact sensors,0.0,47.0,-100.0
ring doorbell,46.0,0.0,inf
large-format porcelain tile flooring,0.0,45.0,-100.0
wi-fi heat mapping engineering,0.0,45.0,-100.0
12x24 or 6x24 emser tile flooring,0.0,45.0,-100.0
resilient flooring at entry and wet areas,29.0,16.0,81.25
emser tile flooring designer upgrades available in owners suite bathroom,4.0,40.0,-90.0
engineered vinyl plank flooring throughout main living areas,44.0,0.0,inf
plush wall-to-wall carpeting and resilient vinyl flooring,7.0,36.0,-80.56
window coverings on select privacy windows,4.0,39.0,-89.74
resilient vinyl flooring in wet areas,0.0,42.0,-100.0
the ring video doorbell pro is a modern convenience,32.0,10.0,220.0
luxury shaw plank flooring in the main living spaces,21.0,21.0,0.0
laminate flooring in foyer extended foyer family room dining room kitchenbreakfast nook study and powder room all per plan,0.0,41.0,-100.0
structured wiring package with two 2 combo cat 5rg-6 outlet,19.0,17.0,11.76
the home is fully equipped with a ring security system,0.0,34.0,-100.0
large-format tile flooring,0.0,34.0,-100.0
ring alarm security kit² - ring alarm keypad,0.0,33.0,-100.0
12x24 or 6x24 emser tile flooring and bathshower wall tile,0.0,33.0,-100.0
ring alarm security kit² - base station,0.0,33.0,-100.0
ring alarm security kit² - ring alarm motion detector,0.0,33.0,-100.0
ring alarm security kit² - ring alarm smoke and co listener,0.0,33.0,-100.0
ring alarm security kit² - ring alarm window and door contact sensor,0.0,33.0,-100.0
the home is equipped with ring video doorbell pro,15.0,17.0,-11.76
ceramic tile flooring in entryway kitchen dining per plan bathrooms hallways and laundry room,32.0,0.0,inf
span stylecolor blackshawreg luxury vinyl plank flooringspan,20.0,12.0,66.67
18rdquox18rdquo ceramic tile flooring in entry kitchen dining per plan bathrooms and laundry room,23.0,8.0,187.5
ring alarm hun plus keypad,0.0,30.0,-100.0
stylish wood plank flooring and upgraded designer-selected cabinetry runs throughout the kitchen,0.0,30.0,-100.0
12x24 luxury tile flooring in bathroom,0.0,30.0,-100.0
ceramic tile flooring in the owner’s bathroom,9.0,21.0,-57.14
easy-clean vinyl plank flooring provides a stylish touch,0.0,29.0,-100.0
18rdquox18rdquo ceramic tile flooring in entry kitchen nook bathrooms and laundry room,29.0,0.0,inf
5 hardwood plank flooring throughout main living areas,0.0,29.0,-100.0
evp flooring in bathroom,0.0,28.0,-100.0
evp flooring in full-sized bathrooms,0.0,28.0,-100.0
convenient dual sinks in the secondary bathroom makes the space perfect for sharing,13.0,15.0,-13.33
17x17 ceramic tile flooring in entry kitchen dining per plan bedrooms and laundry room,8.0,20.0,-60.0
ring alarm security kit ndash base station keypad motion detector smoke and co listener and window and door contact sensor,0.0,27.0,-100.0
laminate flooring,14.0,13.0,7.69
engineered vinyl planknbspflooring in bathroom,27.0,0.0,inf
this home is complete with a ring video doorbell pro,0.0,27.0,-100.0
ring alarm security kit including ring alarm base station ring alarm keypad ring alarm motion detector ring alarm smoke and co listener ring alarm window and door contact sensor,10.0,17.0,-41.18
elegant vinyl-plank flooring,8.0,18.0,-55.56
emser tile flooring at living and wet areas designer upgrades available,0.0,26.0,-100.0
shaw vinyl flooring at entry kitchen dining room laundry and bathrooms see sales for locations,4.0,22.0,-81.82
ring alarm security kit ndash base station,8.0,17.0,-52.94
shaw vinyl flooring at kitchen dining room laundry and bathrooms see sales for locations,0.0,25.0,-100.0
emser ceramic tile flooring at entry kitchen dining room laundry and bathrooms see sales for locations,8.0,17.0,-52.94
resilient vinyl flooring in bathrooms and laundry,0.0,25.0,-100.0
porcelain tile flooring,8.0,17.0,-52.94
upgraded luxury vinyl tile flooring,0.0,25.0,-100.0
9 engineered vinyl plank flooring throughout main living areas,0.0,25.0,-100.0
pre-wiring for ceiling fans in all bedrooms dining room office and lofts,6.0,19.0,-68.42
ring alarm security kit ndash ring alarm smoke and co listener,8.0,17.0,-52.94
ring alarm security kit ndash ring alarm motion detector,8.0,17.0,-52.94
ring alarm security kit ndash ring alarm window and door contact sensor,8.0,17.0,-52.94
5 engineered hardwood flooring foyer kitchen breakfast nook powder room and dining room,1.0,23.0,-95.65
upgraded designer-selected cabinetry and wide plank flooring runs throughout the kitchen,0.0,24.0,-100.0
cat-5e high-speed telephone wiring in owners suite great room officeloft,6.0,18.0,-66.67
ceramic tile flooring runs throughout the great room kitchen dining room and other select parts of the home,24.0,0.0,inf
owners suite bathroom - emser tile flooring designer upgrades available,0.0,23.0,-100.0
large-format flooring and shower surround,0.0,23.0,-100.0
pre-wiring for two pendant lights above island,0.0,23.0,-100.0
emser ceramic tile flooring at entry see sales for locations,0.0,23.0,-100.0
ceramic tile flooring throughout main living areas bathrooms and laundry,23.0,0.0,inf
emser tile flooring designer upgrades available at powder room,9.0,14.0,-35.71
ring smoke and co2 listener,0.0,22.0,-100.0
ring alarm security kit - ring alarm base station installed by homeowner,22.0,0.0,inf
ring alarm security kit - ring alarm keypad installed by homeowner,22.0,0.0,inf
- ring alarm base station,22.0,0.0,inf
- ring alarm smoke and co listener,22.0,0.0,inf
ring alarm door sensors 3,0.0,22.0,-100.0
designer-selected vinyl flooring in bathroom,0.0,22.0,-100.0
- ring alarm window and door contact sensor,22.0,0.0,inf
- ring alarm keypad,22.0,0.0,inf
- ring alarm motion detector,22.0,0.0,inf
emser tile 13 x 13 ceramic flooring,4.0,18.0,-77.78
cabinetry featuring european soft-close full-extension guides and concealed hinges,21.0,0.0,inf
wiring for future electric car charging outlet,0.0,21.0,-100.0
integrated solar energy system with real-time monitoring provided through participation in the buyer-friendly new home solar plan by sunnova,9.0,12.0,-25.0
ring alarm security kit ndash ring alarm keypad,4.0,17.0,-76.47
ceramic tile flooring in entry kitchen nook laundry and bathrooms,20.0,0.0,inf
engineered vinyl plank flooring in main living areas,0.0,20.0,-100.0
emser tile flooring designer upgrades available in great room,5.0,15.0,-66.67
5 hardwood plank flooring throughout main level living areas,1.0,19.0,-94.74
pre-wiring for ceiling fans in all bedrooms great room flex room and loft per plan,0.0,20.0,-100.0
engineered vinyl plank flooring in bathroom,19.0,0.0,inf
ring alarm security kit — ring alarm smoke and co listener,3.0,16.0,-81.25
3 ring contact sensor,19.0,0.0,inf
structured wiring of multi-media use in great room bedrooms flexstudy and loft per plan,19.0,0.0,inf
ring alarm security kit — ring alarm base station,3.0,16.0,-81.25
ceramic tile flooring in entry nook laundry kitchen and bathrooms,19.0,0.0,inf
ring alarm security kit — ring alarm window and door contact sensor,3.0,16.0,-81.25
ring alarm security kit — ring alarm keypad,3.0,16.0,-81.25
ring alarm security kit – base station keypad motion detector smoke and co listener window and door contact sensor,0.0,19.0,-100.0
9 engineered vinyl plan flooring throughout main living areas,0.0,19.0,-100.0
ring alarm security kit — ring alarm motion detector,3.0,16.0,-81.25
integrated solar energy system with real-time monitoringprovided through participation in the buyer-friendly new home solar plan by sunnova³,0.0,19.0,-100.0
luxury vinyl tile flooring in bathroom,0.0,18.0,-100.0
tile flooring at living and wet areas designer upgrades available,18.0,0.0,inf
wide plank flooring runs throughout the kitchen living and dining areas as well as other parts of the home,1.0,17.0,-94.12
large-format tile flooring and shower surround,0.0,18.0,-100.0
1-2-10 year homeowners warranty featuring 1 year overall limited coverage 2 year systemsbr protection and a 10 year limited structural warranty,0.0,18.0,-100.0
ceramic tile in all full baths laminate flooring in powder room per plan,0.0,18.0,-100.0
this home includes the ring video doorbell pro,4.0,14.0,-71.43
designer-selected vinyl tile flooring in full-sized bathrooms,0.0,18.0,-100.0
upgraded dual quartz sinks and stylish ceramic tile flooring in the owner’s suite bathroom,1.0,17.0,-94.12
laminate flooring throughout the first floor including foyer powder room bedrooms dining kitchen breakfast nook family study hallways per plan,0.0,18.0,-100.0
5 engineered hardwood flooring foyer kitchen breakfast nook powder room and dining room per plan,5.0,12.0,-58.33
emser tile flooring designer upgrades available in powder room,4.0,13.0,-69.23
ring video doorbell,17.0,0.0,inf
armstrong vinyl flooring,0.0,17.0,-100.0
ring alarm security kit ndash ring door contact sensorsup1,11.0,6.0,83.33
pre-wiring for ceiling fans in all bedrooms great room and flex room per plan,5.0,12.0,-58.33
engineered vinyl planknbspflooring,17.0,0.0,inf
ring alarm security kit – base station keypad motion detector smoke and co listener and window and door contact sensor,1.0,15.0,-93.33
large format ceramic tile flooring in bathroom,0.0,16.0,-100.0
hardwood plank flooring throughout main living areas,0.0,16.0,-100.0
plush carpeting and resilient vinyl flooring,16.0,0.0,inf
designer-selected laminate flooring,0.0,15.0,-100.0
-  ring alarm door contact sensors,0.0,15.0,-100.0
upgraded shaw floorte series 7 lvp flooring in foyer kitchen great room and dining room per plan,15.0,0.0,inf
luxury hard surface flooring,15.0,0.0,inf
emser tile large-format porcelain tile flooring,1.0,14.0,-92.86
tongue and groove sub-flooring is nailed and glued to preventbouncing  warping and eliminate floor squeaks,0.0,15.0,-100.0
shaw lvt flooring in laundry room mudroom per plan,15.0,0.0,inf
wood grain laminate flooring in foyer,0.0,15.0,-100.0
shawreg luxury vinyl plank flooring foyer powder bath great room kitchen family foyer per plan,8.0,7.0,14.29
638 hardwood plank flooring throughout 1st floor,0.0,15.0,-100.0
shaw luxury vinyl plank flooring foyer powder bath great room kitchen family foyer owners suite per plan,8.0,6.0,33.33
gereg freestanding stainless steel gas range featuring 5 burners with griddle,14.0,0.0,inf
17x17 ceramic tile flooring in entryway kitchen bathrooms and laundry room,14.0,0.0,inf
this multifunctional kitchen features granite or quartz countertops and a generous walk-in pantry offering ample storage space,8.0,6.0,33.33
laminate flooring in first floor owners suite,0.0,14.0,-100.0
ceramic tile flooring in entry kitchen nook bathrooms and laundry room,14.0,0.0,inf
laminate flooring in family room first floor hallways foyer extended foyer first floor owners suite dining room kitchenbreakfast nook first floor study and half bath all per plan,0.0,14.0,-100.0
shaw laminate flooring,0.0,14.0,-100.0
13 x 13 ceramic tile flooring in bathroom,0.0,14.0,-100.0
13 x 13 flooring and wall tiles,0.0,14.0,-100.0
13 x 13 ceramic tile flooring,0.0,14.0,-100.0
ring alarm and video doorbell,13.0,0.0,inf
uhoo indoor air quality monitoring,0.0,13.0,-100.0
pre-wiring for ceiling fans in all bedrooms great room and loft,3.0,10.0,-70.0
shaw lvt flooring laundry mudroom per plan,0.0,13.0,-100.0
upgraded shaw floorte series 7 lvp flooring in foyer kitchen great room and dining per plan,0.0,13.0,-100.0
7 engineered shaw luxury vinyl plank flooring throughout main living areas,0.0,13.0,-100.0
ceramic tile flooring in entry kitchen nook laundry and baths,13.0,0.0,inf
shaw vinyl flooring at entry kitchen dining room laundry and bathrooms,0.0,13.0,-100.0
designer-selected vinyl tile flooring,0.0,13.0,-100.0
emser tile ceramic tile flooring at entry kitchen dining room laundry and bathrooms see sales for locations,0.0,12.0,-100.0
emser lvp flooring,0.0,12.0,-100.0
carpet flooring designer upgrades available,12.0,0.0,inf
emser tile flooring,0.0,12.0,-100.0
ring alarm security kit - ring motion detector,5.0,7.0,-28.57
emser ceramic tile flooring at entry kitchen and dining room see sales for locations,0.0,12.0,-100.0
12x24 or 6x36 ceramic tile or engineered vinyl plank flooring in entry kitchen dining bathrooms and laundry room per plan and everythings included package,0.0,12.0,-100.0
hardwood or vinyl  plank flooring throughout main living areas,0.0,12.0,-100.0
this home is fully equipped with a ring alarm security kit,0.0,12.0,-100.0
premium textured laminate flooring in the kitchen dining room great room and hall,0.0,12.0,-100.0
large-format ceramic tile flooringnbsp,0.0,12.0,-100.0
plank tile flooring in first floor common areas and bathrooms,0.0,12.0,-100.0
pre wiring for ceiling fans in all bedrooms great room and flex room per plan,4.0,8.0,-50.0
the owner’s suite bathroom is both comfortable and luxurious featuring shaker-style cabinetry and dual sinks with moen chrome faucets,0.0,12.0,-100.0
13x13 ceramic tile flooring laundry room and all bathrooms,0.0,12.0,-100.0
shaw vinyl flooring at laundry and bathrooms see sales for locations,0.0,12.0,-100.0
emser tile flooring designer upgrades available in powder room plan 2 only,0.0,12.0,-100.0
pring alarm security kit- ring alarm smoke and co listenerp,11.0,0.0,inf
shaw luxury vinyl plank flooring in the foyer and main living areas,6.0,5.0,20.0
shawreg luxury vinyl plank flooring foyer powder bath great room kitchen family foyer owners suite flexstudy per plan,5.0,6.0,-16.67
pceramic tile flooringp,11.0,0.0,inf
large-format porcelain flooring and shower surround,0.0,11.0,-100.0
acrylic epoxy flooring in garage,6.0,5.0,20.0
engineered wood flooring throughout  first floor main living areas,0.0,11.0,-100.0
pring alarm security kit- ring alarm window and door contact sensorp,11.0,0.0,inf
pring alarm security kit- base stationp,11.0,0.0,inf
pring alarm security kit- ring alarm keypadp,11.0,0.0,inf
shaw carpet flooring designer upgrades available,5.0,6.0,-16.67
owners suite bedroom - shaw carpet flooring designer upgrades available,5.0,6.0,-16.67
pring alarm security kit- ring alarm motion detectorp,11.0,0.0,inf
pring video doorbell prospan stylewhite-spacepre		spanp,11.0,0.0,inf
owners suite bathroom - tile flooring designer upgrades available,10.0,0.0,inf
17rdquox17rdquo ceramic tile flooring in entry kitchen dining per plan bathrooms and laundry roombr divnbspdiv,4.0,6.0,-33.33
luxury vinyl tile flooring,0.0,10.0,-100.0
shaw laminate flooring in foyer kitchen and dining room,0.0,10.0,-100.0
structured wiring package with one 1 combo cat 5rg-6 outlet,7.0,2.0,250.0
fully equipped with a ring video doorbell pro,5.0,4.0,25.0
emser tile flooring designer upgrades availablepowder room,0.0,9.0,-100.0
shaw luxury vinyl plank flooring foyer powder bath great room kitchen family foyer per plan,6.0,3.0,100.0
pre wiring for ceiling fans in all bedrooms great room loft and flex room per plan,0.0,9.0,-100.0
emser ceramic tile flooring at entry kitchen dining room laundry and bathrooms see  sales for locations,5.0,4.0,25.0
r30 insulation in ceilings to keep air-conditioned spaces consistently comfortable while lowering energy costs,0.0,9.0,-100.0
engineered vinyl flooring foyer kitchen breakfast nook powder room dining room all baths and laundry,0.0,9.0,-100.0
5 hardwood plank flooring throughout 1st floor living areas,0.0,9.0,-100.0
6 engineered vinyl flooring foyer kitchen breakfast nook powder room dining room,0.0,9.0,-100.0
ring alarm security kit - ring alarm door contact sensor,4.0,5.0,-20.0
shaw luxury vinyl plank flooring foyer powder bath great room kitchen nook,7.0,2.0,250.0
shaw engineered vinyl plank flooring in the foyer powder room kitchen dining room and laundry room,4.0,4.0,0.0
shaw lvp flooring,8.0,0.0,inf
pre-wiring for ceiling fans in all bedrooms great room loft and flex room per plan,4.0,4.0,0.0
18rdquox18rdquo dal tiletrade ceramic tile flooring in entryway kitchen dining per plan bathrooms and laundry room,8.0,0.0,inf
luxury shawreg plank flooring in the main living spaces,4.0,4.0,0.0
ring alarm and doorbell kit,8.0,0.0,inf
laminate flooring in foyer family room first floor bedrooms dining kitchenbreakfast nook office and half bath all per plan,0.0,8.0,-100.0
tile flooring designer upgrades available at owners bath,8.0,0.0,inf
laminate flooring in all first floor living areas and hallways,0.0,8.0,-100.0
kitchenetteprivate living - pre-wiring for ceiling fan,4.0,4.0,0.0
7 enhanced vinyl flooring and stair rail with iron balusters leading to the optional second floor,0.0,8.0,-100.0
7 enhanced vinyl plank flooring throughout main living areas per plan,0.0,8.0,-100.0
glazed tile flooring at entry and wet areas,1.0,7.0,-85.71
private bedroom - pre-wiring for ceiling fan,4.0,4.0,0.0
emser tile 13x13 ceramic flooring and shower surround,0.0,8.0,-100.0
shawreg luxury vinyl plank flooring,0.0,8.0,-100.0
6 34 hardwood flooring,0.0,8.0,-100.0
resilient vinyl flooring at entry and wet areas,3.0,5.0,-40.0
shaw vinyl flooring at entry kitchen nook laundry and bathrooms,0.0,8.0,-100.0
durable flooring runs throughout the foyer family room first floor bedrooms dining kitchenbreakfast nook office and half bath,0.0,8.0,-100.0
17x17 emser tile baja ceramic tile flooring in entryway kitchen dining per plan bathrooms and laundry room,0.0,8.0,-100.0
wi-fi- heat mapping engineering,0.0,8.0,-100.0
17rdquox17rdquo ceramic tile flooring in entry kitchen dining per plan bathrooms and laundry room,0.0,8.0,-100.0
daltile flooring in bathroom,0.0,7.0,-100.0
emser ceramic tile flooring at entry,0.0,7.0,-100.0
this home is equipped with the ring video doorbell pro,0.0,7.0,-100.0
glazed tile flooring at entry,0.0,7.0,-100.0
this home features a ring alarm security kit,0.0,7.0,-100.0
premier advantech osb subflooring is nailed and glued toprevent bouncing  warping and eliminate floor squeaks,0.0,7.0,-100.0
7 engineered vinyl flooring foyer kitchen breakfast nook powder room dining room laundry and all baths,0.0,7.0,-100.0
ring alarm security kit ndash base station keypad motion detector smoke and co listener window and door contact sensor,0.0,7.0,-100.0
daltile flooring,0.0,7.0,-100.0
this multifunctional kitchen features granite or quartz countertops brand-new stainless steel appliances and a generous pantry offering ample storage space,3.0,4.0,-25.0
emser tile ceramic tile flooring at entry kitchen dining room laundry and bathrooms,2.0,5.0,-60.0
speaker wiring rough-in in great room,4.0,3.0,33.33
tile flooring in laundry and mudroom per plan,4.0,3.0,33.33
shaw hardwood or vinyl plank flooring in foyer and second floor,2.0,5.0,-60.0
emser 13 x 13 ceramic tile flooring,2.0,5.0,-60.0
emser tile 13x13 flooring and shower surround,2.0,5.0,-60.0
ring doorbell video pro,4.0,3.0,33.33
panel flooring,4.0,3.0,33.33
hard surface flooring in entry kitchen nook bathrooms laundry room and 1st floor bedroomsnbspper ei interior packages,7.0,0.0,inf
30 freestanding self-clean gas convection range featuring 5 burners with griddle,0.0,6.0,-100.0
18x18 ceramic tile flooring in entry kitchen dining per plan bathrooms and laundry room,6.0,0.0,inf
ring alarm security kit and base station keypad motion detector smoke and co listener and window and door contact sensor,0.0,6.0,-100.0
hardwood flooring,0.0,6.0,-100.0
ceramic tile flooring 12x24,0.0,6.0,-100.0
cat-6a wiring in select locations,5.0,1.0,400.0
pre-wiring for 2 pendant lights above island,6.0,0.0,inf
cat-5e high-speed telephone wiring in great room and owners suite,6.0,0.0,inf
18x18 ceramic tile flooring in entry kitchen dining per plan laundry and bathrooms,6.0,0.0,inf
ceramic tile flooring in kitchen bathrooms laundry rooms entry,6.0,0.0,inf
ring alarm security kit with base station keypad motion detector smoke and co listener and window and door contact sensor,0.0,6.0,-100.0
integrated solar energy system with real-time monitoring provided through participation in sunnova’s buyer-friendly leaseplus new home solar plan3,6.0,0.0,inf
pre-wiring for ceiling fans in all bedrooms great room flex space and covered patios per plan,6.0,0.0,inf
ring alarm security kit2 - ring alarm smoke and co listener,6.0,0.0,inf
ring alarm security kit2 - ring alarm motion detector,6.0,0.0,inf
ring alarm security kit2 - ring alarm keypad,6.0,0.0,inf
ring alarm security kit2 - ring alarm window and door contact sensor,6.0,0.0,inf
ring alarm security kit2 - base station,6.0,0.0,inf
stylish 12x24 porcelain tile flooring at entry kitchen dining room laundry and bathrooms see sales for locations,6.0,0.0,inf
6 34 hardwood flooring throughout main level living areas,0.0,6.0,-100.0
wood grain laminate flooring throughout living and kitchen area,0.0,6.0,-100.0
engineered vinyl flooring foyer kitchen breakfast nook powder room dining room,0.0,6.0,-100.0
shaw waterproof resilient plank flooring,6.0,0.0,inf
integrated solar energy system with real-time monitoring provided through participation in sunnova’s buyer-friendly leaseplus new home solar plan³,3.0,3.0,0.0
window coverings at select locations per plan,3.0,3.0,0.0
luxury shawreg plank hard surface flooring in first floor main living area all baths and laundry,3.0,3.0,0.0
resilient vinyl flooring at bathrooms and laundry,0.0,6.0,-100.0
17rdquox17rdquo ceramic tile flooring in entry kitchen nook bathrooms and laundry room,0.0,6.0,-100.0
shaw waterproof resilient plan flooring,6.0,0.0,inf
9 engineered vinyl plank flooring throughout main living areas per plan,0.0,5.0,-100.0
rg-6 wiring in great room study owner’s suite bedroom and loftgame roomper plan,0.0,5.0,-100.0
wide vinyl plank flooring throughout main level living areas,0.0,5.0,-100.0
cat 6 high speed wiring,0.0,5.0,-100.0
designer-selected vinyl tile flooring in bathroom,0.0,5.0,-100.0
elegant flooring shown here with designer upgrade and shaw carpet throughout the home,0.0,5.0,-100.0
13x13 wall tile and ceramic tile flooring in bathroom,0.0,5.0,-100.0
enhanced vinyl plank flooring throughout main living areas,0.0,5.0,-100.0
ceramic tile flooring per plan,0.0,5.0,-100.0
shaw luxury vinyl plank flooring in foyer powder room kitchen and casual diningbreakfast area per plan,0.0,5.0,-100.0
engineered vinyl plank flooring foyer kitchen breakfast nook powder room dining room laundry and all baths,0.0,5.0,-100.0
tongue and groove subflooring is nailed and glued to prevent bouncing warping and eliminate floor squeaks,0.0,5.0,-100.0
spanthis home is fully equipped with a ring video doorbell prospan,0.0,5.0,-100.0
shaw vinyl flooring at entry kitchen dining room laundry and entry,0.0,5.0,-100.0
shaw vinyl flooring at kitchen dining room laundry and bathrooms,0.0,5.0,-100.0
designer-selected 12x24 vinyl tile flooring,0.0,5.0,-100.0
stylish wood plank flooring runs throughout the kitchen and select parts of the home,1.0,4.0,-75.0
ceramic tile flooring laundry room and all bathrooms,5.0,0.0,inf
ring video doorbell pro helps keep the home connected and secure,5.0,0.0,inf
17x 17 ceramic tile flooring in entryway kitchen bathrooms and laundry room,5.0,0.0,inf
ring alarm security kit - including base station keypad motion detector smoke and co listener window and door contact sensor,5.0,0.0,inf
ring alarm and video doorbell kit,5.0,0.0,inf
shawreg luxury vinyl plank flooring in the foyer kitchen powder room bathrooms and laundry room,5.0,0.0,inf
ceramic tile flooring in entry kitchen dining per plan bathrooms hallways and laundry room,0.0,4.0,-100.0
shaw vinyl plank flooring in foyer kitchen dining room great room and powder room per plan,0.0,4.0,-100.0
vinyl tile flooring in bathroom,0.0,4.0,-100.0
spanengineered vinyl plank flooring throughout the main living areaspan,0.0,4.0,-100.0
engineered vinyl plank flooring throughout main level living areas,0.0,4.0,-100.0
large-format ceramic tile flooring and shower surround,0.0,4.0,-100.0
shaw laminate flooring in main living areas,0.0,4.0,-100.0
fully equipped with the ring video doorbell pro,0.0,4.0,-100.0
window coverings on select privacy windows see sales for locations,0.0,4.0,-100.0
pre-wiring for ceiling fan living room and bedroom,0.0,4.0,-100.0
vinyl-plank flooring in the kitchen and other shared-living spaces,0.0,4.0,-100.0
integrated solar energy system with real-time monitoring provided through participation in sunnova’s buyer-friendly leaseplus new home solar plan,0.0,4.0,-100.0
emser ceramic tile ceramic tile flooring at entry see sales for locations,0.0,4.0,-100.0
pre-wiring for ceiling fan in living and bedroom,0.0,4.0,-100.0
integrated solar energy system with real-time monitoring provided through participation in the buyer-friendly leaseplus new home solar plan by sunnova3,0.0,4.0,-100.0
enjoy exploring new recipes with the ge monogram stainless steel 48 professional built-in 6-burner gas cooktop with griddle,0.0,4.0,-100.0
pre-wiring for ceiling fans in all bedrooms great room and covered patios,0.0,4.0,-100.0
emser 13 x13 ceramic tile flooring,0.0,4.0,-100.0
17x17 ceramic tile flooring in entry kitchen bathrooms and laundry room,0.0,4.0,-100.0
tile flooring designer upgrades avilable,4.0,0.0,inf
ring alarm security kit with base station keypad motion detector smoke and co listener window and door sensor,4.0,0.0,inf
vinyl plank flooring,4.0,0.0,inf
18 x 18 ceramic tile flooring,4.0,0.0,inf
cat6 wiring in kitchen family room or great room and master bedroom home run to central distribution panel,4.0,0.0,inf
- ring alarm security kit ndash ring alarm keypadsup1,4.0,0.0,inf
the ring alarm security kit helps residents monitor and keep tabs when they’re away from home,4.0,0.0,inf
18x18 tile flooring in entry kitchen nook laundry and bathrooms,4.0,0.0,inf
ring alarm and video doorbell pro,4.0,0.0,inf
carpet in living space and vinyl flooring in bath,4.0,0.0,inf
tile flooring designer upgrades available in owners suite bathroom,4.0,0.0,inf
resilient tile flooring at entry and wet areas,3.0,0.0,inf
ring alarm security kit  ring alarm smoke and co listener,0.0,3.0,-100.0
ring alarm security kit  ring alarm window and door contact sensor,0.0,3.0,-100.0
ring alarm security kit  base station,0.0,3.0,-100.0
shaw 7 engineered vinyl plank flooring can be found throughout the open floorplan while a wooden stair handrail with iron balusters lead to the second level,0.0,3.0,-100.0
6 38 engineered hardwood flooring,0.0,3.0,-100.0
structured wiring for multi-media use in great room bedrooms flexstudy and loft per plan,0.0,3.0,-100.0
shaw waterproof flooring throughout the first floor,0.0,3.0,-100.0
emser tile ceramic tile flooring at entry kitchen dining room and owner’s suite,0.0,3.0,-100.0
emser ceramic tile flooring at entry kitchen nook laundry and bathrooms,0.0,3.0,-100.0
shaw vinyl flooring see sales for locations,0.0,3.0,-100.0
emser tile ceramic tile flooring at entry kitchen and nookdining room see sales for locations,0.0,3.0,-100.0
recycled floor coverings,0.0,3.0,-100.0
integrated solar energy system with real-time monitoring provided through participation in sunnovas buyer-friendly leaseplus new home solar plan,0.0,3.0,-100.0
emser tile ceramic tile flooring at entry kitchen nook dining and owners suite bathroom,0.0,3.0,-100.0
ring alarm security kit  ring alarm motion detector,0.0,3.0,-100.0
ring alarm security kit  ring alarm keypad,0.0,3.0,-100.0
emser tile flooring designer upgrades available owners suite bathroom,3.0,0.0,inf
ring smoke  co listener,3.0,0.0,inf
ceramic tile flooring in kitchen and bathrooms and family room - all main living area,3.0,0.0,inf
porcelain tile flooring runs throughout the first floor including the kitchen living and dining areas,3.0,0.0,inf
elegant and spacious kitchen designs with island design featuring,3.0,0.0,inf
20 x 20 porcelain tile flooring,3.0,0.0,inf
category 5e structured wiring for phone in kitchen and owner’s suite home run to central distribution panel,3.0,0.0,inf
5 wide engineered hardwood flooring foyer kitchen breakfast nook powder room and dining room per plan,0.0,3.0,-100.0
sustainable kember wide plank hardwood flooring in kitchen and living areas,2.0,1.0,100.0
emser tile large-format porcelain flooring and shower surround,2.0,1.0,100.0
ring alarm window and door contact sensors,0.0,2.0,-100.0
wide plank vinyl flooring throughout main living areas,0.0,2.0,-100.0
wifi heat mapping engineering non wifi dead spots,0.0,2.0,-100.0
ring alarm security kit with base station keypad motion detector smoke and co listener and window and door sensors pinnacle only,2.0,0.0,inf
ring video doorbell pro and level bolt – the invisible smart lock,0.0,2.0,-100.0
shaw engineered vinyl plank flooring,0.0,2.0,-100.0
designer selected flooring throughout home wood grain laminate carpet and vinyl,0.0,2.0,-100.0
emser tile large-format porcelain tile flooring ceramic 12 x 24,0.0,2.0,-100.0
ring video doorbell pro pinnacle only,2.0,0.0,inf
hardwood or vinyl plank flooring throughout main living areas,0.0,2.0,-100.0
6 engineered vinyl plank flooring foyer kitchen breakfast nook powder room dining room,0.0,2.0,-100.0
engineered hardwood flooring in kitchen nook foyer and powder room,0.0,2.0,-100.0
vinyl plank flooring throughout main living areas bathrooms and laundry,2.0,0.0,inf
ring alarm security kit with base station keypad motion detector smoke and co listener and window and door sensors,1.0,0.0,inf
osb subflooring,1.0,0.0,inf
stylish and durable flooring in the kitchen dining room great room and hall,0.0,1.0,-100.0
shawspan stylecolor 2d2d2dregspannbspluxury vinyl plank flooring,0.0,1.0,-100.0
pshawspan stylecolor 2d2d2dregspan luxury vinyl plank flooringppnbspppnbspp,0.0,1.0,-100.0
